file_name,file_path,file_ctime,file_mtime,file_atime
.DS_Store, /Users/rahulprajapat/Desktop/.DS_Store, Tue Feb 14 13:44:44 2023, Tue Feb 14 13:29:39 2023, Mon Sep 26 06:54:54 2022
.localized, /Users/rahulprajapat/Desktop/.localized, Tue Feb 14 13:44:44 2023, Tue Feb 14 13:29:39 2023, Mon Sep 26 06:54:54 2022
pandas-1.5.3-cp39-cp39-manylinux_2_17_x86_64.manylinux2014_x86_64.whl, /Users/rahulprajapat/Desktop/pandas-1.5.3-cp39-cp39-manylinux_2_17_x86_64.manylinux2014_x86_64.whl, Tue Feb 14 13:44:44 2023, Tue Feb 14 13:29:39 2023, Mon Sep 26 06:54:54 2022
rahul_accessKeys.numbers, /Users/rahulprajapat/Desktop/rahul_accessKeys.numbers, Tue Feb 14 13:44:44 2023, Tue Feb 14 13:29:39 2023, Mon Sep 26 06:54:54 2022
Screenshot 2022-11-08 at 8.21.41 PM.png, /Users/rahulprajapat/Desktop/Screenshot 2022-11-08 at 8.21.41 PM.png, Tue Feb 14 13:44:44 2023, Tue Feb 14 13:29:39 2023, Mon Sep 26 06:54:54 2022
Screenshot 2022-12-28 at 8.11.28 AM.png, /Users/rahulprajapat/Desktop/Screenshot 2022-12-28 at 8.11.28 AM.png, Tue Feb 14 13:44:44 2023, Tue Feb 14 13:29:39 2023, Mon Sep 26 06:54:54 2022
numpy-1.24.2-cp39-cp39-manylinux_2_17_x86_64.manylinux2014_x86_64.whl, /Users/rahulprajapat/Desktop/numpy-1.24.2-cp39-cp39-manylinux_2_17_x86_64.manylinux2014_x86_64.whl, Tue Feb 14 13:44:44 2023, Tue Feb 14 13:29:39 2023, Mon Sep 26 06:54:54 2022
pytz-2022.7.1-py2.py3-none-any.whl, /Users/rahulprajapat/Desktop/pytz-2022.7.1-py2.py3-none-any.whl, Tue Feb 14 13:44:44 2023, Tue Feb 14 13:29:39 2023, Mon Sep 26 06:54:54 2022
Screenshot 2022-11-15 at 1.18.38 AM.png, /Users/rahulprajapat/Desktop/Screenshot 2022-11-15 at 1.18.38 AM.png, Tue Feb 14 13:44:44 2023, Tue Feb 14 13:29:39 2023, Mon Sep 26 06:54:54 2022
Screenshot 2023-01-11 at 2.33.05 PM.png, /Users/rahulprajapat/Desktop/Screenshot 2023-01-11 at 2.33.05 PM.png, Tue Feb 14 13:44:44 2023, Tue Feb 14 13:29:39 2023, Mon Sep 26 06:54:54 2022
Screenshot 2023-01-10 at 10.36.44 AM.png, /Users/rahulprajapat/Desktop/Screenshot 2023-01-10 at 10.36.44 AM.png, Tue Feb 14 13:44:44 2023, Tue Feb 14 13:29:39 2023, Mon Sep 26 06:54:54 2022
Screenshot 2023-02-14 at 11.59.03 AM.png, /Users/rahulprajapat/Desktop/Screenshot 2023-02-14 at 11.59.03 AM.png, Tue Feb 14 13:44:44 2023, Tue Feb 14 13:29:39 2023, Mon Sep 26 06:54:54 2022
python.zip, /Users/rahulprajapat/Desktop/python.zip, Tue Feb 14 13:44:44 2023, Tue Feb 14 13:29:39 2023, Mon Sep 26 06:54:54 2022
HackerRank01.py, /Users/rahulprajapat/Desktop/HackerRank01.py, Tue Feb 14 13:44:44 2023, Tue Feb 14 13:29:39 2023, Mon Sep 26 06:54:54 2022
